{
  "project_info": {
    "project_number": "354057994820",
    "firebase_url": "https://fixflow-e3983-default-rtdb.firebaseio.com",
    "project_id": "fixflow-e3983",
    "storage_bucket": "fixflow-e3983.appspot.com"
  },
  "client": [
    {
      "client_info": {
        "mobilesdk_app_id": "1:354057994820:android:17ec58985318af2b54b211",
        "android_client_info": {
          "package_name": "com.example.service_centre"
        }
      },
      "oauth_client": [
        {
          "client_id": "354057994820-hanq5ttqk09sni2rbevrkndhshgdaosd.apps.googleusercontent.com",
          "client_type": 3
        }
      ],
      "api_key": [
        {
          "current_key": "AIzaSyBf4PjzI7_33qDyvaQG604YDBe-qbpD-Y8"
        }
      ],
      "services": {
        "appinvite_service": {
          "other_platform_oauth_client": [
            {
              "client_id": "354057994820-hanq5ttqk09sni2rbevrkndhshgdaosd.apps.googleusercontent.com",
              "client_type": 3
            }
          ]
        }
      }
    },
    {
      "client_info": {
        "mobilesdk_app_id": "1:354057994820:android:931f4b3af4c6011154b211",
        "android_client_info": {
          "package_name": "com.vvn.fixflow"
        }
      },
      "oauth_client": [
        {
          "client_id": "354057994820-odf0d2u0kvuqnl5aaqj9913kv9j6aq9u.apps.googleusercontent.com",
          "client_type": 1,
          "android_info": {
            "package_name": "com.vvn.fixflow",
            "certificate_hash": "c26dc93c219d237e0fe2bd91eed2e45f0a9aaefe"
          }
        },
        {
          "client_id": "354057994820-hanq5ttqk09sni2rbevrkndhshgdaosd.apps.googleusercontent.com",
          "client_type": 3
        }
      ],
      "api_key": [
        {
          "current_key": "AIzaSyBf4PjzI7_33qDyvaQG604YDBe-qbpD-Y8"
        }
      ],
      "services": {
        "appinvite_service": {
          "other_platform_oauth_client": [
            {
              "client_id": "354057994820-hanq5ttqk09sni2rbevrkndhshgdaosd.apps.googleusercontent.com",
              "client_type": 3
            }
          ]
        }
      }
    }
  ],
  "configuration_version": "1"
}